{
  "train_loss": [
    1.4669667355905573,
    1.1914587684002746,
    1.0158884942219015,
    0.9002143507669317,
    0.7811552364050067,
    0.7055806729907997,
    0.598128891029681,
    0.5355636678356565,
    0.4619340296472547,
    0.42692494477750603,
    0.3782256552893195,
    0.3540582683068122,
    0.3401679346137299,
    0.33397964945047215,
    0.33118524081094364
  ],
  "val_acc": [
    0.4612903225806452,
    0.5258064516129032,
    0.6516129032258065,
    0.6080645161290322,
    0.6951612903225807,
    0.7225806451612903,
    0.7467741935483871,
    0.7467741935483871,
    0.7322580645161291,
    0.7838709677419354,
    0.7790322580645161,
    0.7774193548387097,
    0.782258064516129,
    0.785483870967742,
    0.7887096774193548
  ],
  "test_acc": [
    0.446048632218845,
    0.5015197568389058,
    0.6177811550151976,
    0.6405775075987842,
    0.7066869300911854,
    0.7355623100303952,
    0.7462006079027356,
    0.7553191489361702,
    0.7477203647416414,
    0.7682370820668692,
    0.770516717325228,
    0.770516717325228,
    0.7743161094224924,
    0.7781155015197568,
    0.7788753799392097
  ]
}