{
  "train_loss": [
    1.4272165880322505,
    1.198569576218033,
    1.0387876926289783,
    0.8859240284558504,
    0.8002414843304209,
    0.7723817277118149,
    0.6229418349294905,
    0.5458592203126025,
    0.5124353211750279,
    0.43786297058712914,
    0.4012377198759997,
    0.3662799110019241,
    0.3494035687813022,
    0.3432110654894216,
    0.34014258927133306
  ],
  "val_acc": [
    0.40483870967741936,
    0.5435483870967742,
    0.6,
    0.6741935483870968,
    0.7,
    0.617741935483871,
    0.7354838709677419,
    0.7387096774193549,
    0.7629032258064516,
    0.7403225806451613,
    0.782258064516129,
    0.7870967741935484,
    0.785483870967742,
    0.7838709677419354,
    0.7838709677419354
  ],
  "test_acc": [
    0.3951367781155015,
    0.5349544072948328,
    0.6170212765957447,
    0.6899696048632219,
    0.6800911854103343,
    0.6344984802431611,
    0.7325227963525835,
    0.7462006079027356,
    0.7408814589665653,
    0.7310030395136778,
    0.7598784194528876,
    0.7712765957446809,
    0.7644376899696048,
    0.7644376899696048,
    0.763677811550152
  ]
}