{
  "train_loss": [
    1.4296231770428884,
    1.174932780406224,
    1.01240742410946,
    0.8395551762401986,
    0.7238431323098771,
    0.630744869836928,
    0.5451415531478518,
    0.4649932920067192,
    0.4179175325390214,
    0.36585469849891555,
    0.3347173949411291,
    0.32289449702880707,
    0.3184830484947114,
    0.3167116128903043,
    0.3159784576305222
  ],
  "val_acc": [
    0.4661290322580645,
    0.617741935483871,
    0.6854838709677419,
    0.6580645161290323,
    0.7241935483870968,
    0.7338709677419355,
    0.7758064516129032,
    0.7693548387096775,
    0.7645161290322581,
    0.7790322580645161,
    0.7870967741935484,
    0.7935483870967742,
    0.7870967741935484,
    0.7903225806451613,
    0.7935483870967742
  ],
  "test_acc": [
    0.4521276595744681,
    0.587386018237082,
    0.648936170212766,
    0.6474164133738601,
    0.6990881458966566,
    0.7203647416413373,
    0.7613981762917933,
    0.7469604863221885,
    0.7682370820668692,
    0.7872340425531915,
    0.78419452887538,
    0.7872340425531915,
    0.7849544072948328,
    0.7826747720364742,
    0.7826747720364742
  ]
}